https://www.flocksafety.com/,index.html,0,17765371,21.1,saved
https://www.flocksafety.com/products/flock-os,products/flock-os.html,0,16566512,18.1,saved
https://www.flocksafety.com/blog/10-of-reported-crime-in-the-u-s-is-solved-using-flock-technology,blog/10-of-reported-crime-in-the-u-s-is-solved-using-flock-technology.html,0,10669989,19.9,saved
https://www.flocksafety.com/resources,resources.html,0,29795624,22.5,saved
https://www.flocksafety.com/abm/amazon,abm/amazon.html,0,11143743,13.3,saved
https://www.flocksafety.com/legal/privacy-policy,legal/privacy-policy.html,0,10155458,16.2,saved
https://www.flocksafety.com/newsletter,newsletter.html,0,11071354,17.3,saved
https://www.flocksafety.com/customers,customers.html,0,28682355,17.8,saved
https://www.flocksafety.com/industries/retail,industries/retail.html,0,17445727,13.9,saved
https://www.flocksafety.com/press-center,press-center.html,0,11442659,15.7,saved
https://www.flocksafety.com/trust,trust.html,0,11130505,21.8,saved
https://www.flocksafety.com/accessibility-plan,accessibility-plan.html,0,10137728,15.4,saved
https://www.flocksafety.com/brand-partner-guide,brand-partner-guide.html,0,9172716,13.8,saved
