rel,captured_title,restored_title
abm/amazon.html,"Message from Flock Safety","Amazon"
abm/burlington.html,"Message from Flock Safety","Burlington"
abm/disney.html,"Message from Flock Safety","Disney"
abm/edison.html,"Message from Flock Safety","Edison"
abm/international-paper.html,"Message from Flock Safety","International Paper"
abm/publix.html,"Message from Flock Safety","Publix"
abm/unitedhealth-group.html,"Message from Flock Safety","UnitedHealth Group"
abm/walmart.html,"Message from Flock Safety","Walmart"
accessibility-plan.html,"Message from Flock Safety","Flock Safety Accessibility Plan | WCAG 2.1 Commitment"
blog.html,"Message from Flock Safety","Flock Safety Blog: Public Safety News, Insights &amp; Tips"
book-a-demo---ctv.html,"Message from Flock Safety","Book a Demo - CTV"
book-a-demo-arizona.html,"Message from Flock Safety","Book a demo-Arizona"
book-a-demo-blue-eye.html,"Message from Flock Safety","Book a demo Blue Eye"
book-a-demo-form-test.html,"Message from Flock Safety","Book a demo form test"
book-a-demo-multistep.html,"Message from Flock Safety","Book a Demo with Flock Safety Today"
book-a-demo-neighborhoods.html,"Message from Flock Safety","Book a Demo for Your Neighborhood | Flock Safety"
book-a-demo-short-form-paid.html,"Message from Flock Safety","Book Your Flock Safety Demo Now | Public Safety Tools"
book-a-demo-short-form-test.html,"Message from Flock Safety","Get Started with Flock Safety Today"
book-a-demo.html,"Message from Flock Safety","Book a Demo | See the Flock Safety Platform in Action"
brand-partner-guide.html,"Message from Flock Safety","Flock Safety Brand Partner Guide: Logo &amp; Style Rules"
chilipiper-2.html,"Message from Flock Safety","Chilipiper 2"
customers.html,"Message from Flock Safety","Flock Safety Customer Stories &amp; Case Studies by Industry"
drones-demo.html,"Message from Flock Safety","Flock Alpha Drone as First Responder | Book a Demo"
ebooks/13-fall-hotspots-to-secure-with-a-mobile-security-trailer.html,"Message from Flock Safety","13 Fall Hotspots to Secure With a Mobile Trailer"
ebooks/2023-back-to-school-safety-kit.html,"Message from Flock Safety","Back-to-School Safety Kit for Families &amp; Communities"
ebooks/2025-community-safety-guide.html,"Message from Flock Safety","2025 Community Safety Guide: 4 Strategies to Deter Crime"
ebooks/5-ways-to-mitigate-retail-risk-for-black-friday-beyond.html,"Message from Flock Safety","5 Ways to Mitigate Retail Risk for Black Friday &amp; Beyond"
ebooks/7-security-strategies-from-law-enforcement-investigators-to-better-protect-your-business-from-crime.html,"Message from Flock Safety","7 Security Strategies From Law Enforcement Investigators"
ebooks/a-guide-to-benchmarking-fixed-lpr-solutions.html,"Message from Flock Safety","How to Benchmark Fixed LPR Solutions Before You Buy"
ebooks/building-safer-communities-from-the-ground-up-ebook.html,"Message from Flock Safety","Free eBook: Security Tips for Builders &amp; Developers"
ebooks/community-safety-use-case-guide.html,"Message from Flock Safety","Community Safety Use Case Guide"
ebooks/connecting-the-dots-a-step-by-step-template-for-orc-case-building.html,"Message from Flock Safety","ORC Case Building Template for Retail Investigators"
ebooks/drone-as-first-responder-programs-how-to-build-them-right-from-day-one.html,"Message from Flock Safety","Drone as First Responder: Build a DFR Program Right"
ebooks/elevating-retail-security.html,"Message from Flock Safety","Elevating Retail Security With LPR &amp; Gunshot Detection"
ebooks/empowering-communities-to-keep-their-residents-safe.html,"Message from Flock Safety","How to Empower Your Community to Keep Residents Safe"
ebooks/from-fear-to-confidence-how-technology-restores-the-retail-experience.html,"Message from Flock Safety","From Fear to Confidence: Restoring the Retail Experience"
ebooks/from-reactive-to-ready-a-playbook-for-the-new-era-of-crisis-response.html,"Message from Flock Safety","From Reactive to Ready: A Crisis Response Playbook"
ebooks/hotel-emergency-response-guide.html,"Message from Flock Safety","Hotel Emergency Response Guide for Hospitality Teams"
ebooks/is-your-tech-ready-for-the-next-crisis.html,"Message from Flock Safety","Is Your Tech Ready for the Next Crisis? Free Guide"
ebooks/lpr-funding-guide.html,"Message from Flock Safety","How to Fund LPR Technology Without a Grant | Free Guide"
ebooks/property-safety-guide-2.html,"Message from Flock Safety","Fire Safety in Your Home"
ebooks/the-power-of-integration-unifying-dispatch-and-rtic-operations.html,"Message from Flock Safety","Unifying Dispatch and RTIC Operations: A Practical Guide"
faq.html,"Message from Flock Safety","Frequently Asked Questions | Flock Safety"
flock-forward.html,"Message from Flock Safety","Flock Forward 2026 | Atlanta Public Safety Conference"
flockone-sensors-software-stronger-together.html,"Message from Flock Safety","FlockOne: Close More Cases With the Staff You Have"
gsx.html,"Message from Flock Safety","GSX"
implementation-guide.html,"Message from Flock Safety","Flock Safety Implementation Guide &amp; Deployment Timeline"
kb-tickets.html,"Message from Flock Safety","Flock Safety Customer Support &amp; Help Center Resources"
legal/data-ownership.html,"Message from Flock Safety","Data Ownership"
legal/privacy-policy.html,"Message from Flock Safety","Privacy Policy"
legal/social-impact-and-inclusive-procurement-policy.html,"Message from Flock Safety","Social Impact and Inclusive Procurement Policy"
legal/trademark-notice.html,"Message from Flock Safety","Trademark Notice"
legal/vendor-dpa.html,"Message from Flock Safety","Vendor Data Processing Addendum"
legal/vulnerability-disclosure-policy.html,"Message from Flock Safety","Vulnerability Disclosure Policy"
lp/proven-where-it-matters.html,"Message from Flock Safety","Proven Where It Matters | Flock Safety LPR Platform"
lp/rapid-response-shield.html,"Message from Flock Safety","Rapid Response Shield | Coordinated Air &amp; Ground Coverage"
madd.html,"Message from Flock Safety","Flock Safety &amp; MADD: Ending Impaired Driving Together"
mobile-security-trailers-are-the-ultimate-seasonal-sidekick.html,"Message from Flock Safety","Mobile Security Trailers for Seasonal Events"
newsletter.html,"Message from Flock Safety","Subscribe to the Flock Safety Monthly Newsletter Today"
resources.html,"Message from Flock Safety","Flock Safety Learning Center: Guides, Webinars &amp; More"
thank-you-download-asset.html,"Message from Flock Safety","Thank You | Your Flock Safety Download Is On Its Way"
thank-you-le-ss.html,"Message from Flock Safety","Thank You, Law Enforcement | Flock Safety"
thank-you-on-demand-webinar.html,"Message from Flock Safety","Thank You for Registering for Our Webinar"
thank-you-webinar.html,"Message from Flock Safety","Thank You Webinar"
thank-you.html,"Message from Flock Safety","Thank You for Requesting Your Flock Safety Demo"
thank-you/product-overview-series-thankyou.html,"Message from Flock Safety","Thank you for registering."
thank-you/thank-you-4.html,"Message from Flock Safety","Thank You for Shopping with Us"
thank-you/thank-you-freeform.html,"Message from Flock Safety","Thank you!"
thank-you/thanks-meeting.html,"Message from Flock Safety","Thank you!"
thanks-meeting.html,"Message from Flock Safety","Thank You for Booking Your Meeting | Flock Safety Team"
traffic-analytics-for-city-managers.html,"Message from Flock Safety","Traffic Analytics for City Managers"
trust/law-enforcement-access.html,"Message from Flock Safety","Law Enforcement Data Access | Flock Safety Trust Center"
trust/rights-safeguards.html,"Message from Flock Safety","Civil Liberties &amp; Rights Safeguards | Flock Safety"
use-case/transportation.html,"Message from Flock Safety","Transportation | Flock Safety"
use-case/trespassing-burglary.html,"Message from Flock Safety","Trespassing &amp; Burglary | Flock Safety"
video-form.html,"Message from Flock Safety","Video Form"
video/alpha-is-built-different.html,"Message from Flock Safety","Alpha is Built Different."
video/dekalb-county-safe-city.html,"Message from Flock Safety","Dekalb County Becomes a Flock Safe County to Improve Safety for Residents"
video/drone-as-automated-security-eyes-on-threats-in-seconds.html,"Message from Flock Safety","Drone As Automated Security: Eyes on Threats in Seconds"
video/flock-alpha-arrive-first-see-everything.html,"Message from Flock Safety","Flock Alpha: Arrive first. See everything"
video/how-castle-rock-police-department-extended-visibility-with-flock-dual-lens-ptz.html,"Message from Flock Safety","How Castle Rock police department extended visibility with Flock Dual Lens PTZ"
video/not-all-lprs-are-created-equal.html,"Message from Flock Safety","Not All LPRs Are Created Equal"
webinar-thankyou.html,"Message from Flock Safety","Thank You for Registering for the Webinar"
webinar/beyond-the-plate-real-time-video-intelligence-for-police-operations.html,"Message from Flock Safety","Real-Time Video Intelligence for Police Operations"
webinar/boost-your-crime-solving-capabilities-with-lpr-video-bundles.html,"Message from Flock Safety","License Plate Reader + Video Bundles on One Pole"
webinar/building-safer-communities-how-to-secure-your-neighborhoods.html,"Message from Flock Safety","How to Secure Your Neighborhood: Safety Best Practices"
webinar/crisis-proof-your-public-safety-tech.html,"Message from Flock Safety","How Agencies Crisis-Proof Their Public Safety Tech"
webinar/de-risk-your-response-with-ai-powered-audio-detection.html,"Message from Flock Safety","AI Audio Detection: Layered Evidence for Gun Crime"
webinar/designing-safer-spaces-how-layout-lighting-and-visibility-reduce-crime.html,"Message from Flock Safety","Designing Safer Spaces: Layout, Lighting &amp; Visibility"
webinar/drone-as-automated-security-faa-compliance-whats-required.html,"Message from Flock Safety","Drone as Automated Security: What FAA Compliance Requires"
webinar/empowering-communities-and-law-enforcement-with-flock-safety-video.html,"Message from Flock Safety","How Flock Safety Cameras Help Communities and Police"
webinar/extending-threat-awareness-beyond-store-entry-lpm.html,"Message from Flock Safety","Extending Threat Awareness Beyond the Store Entrance"
webinar/extending-threat-awareness-beyond-store-entry.html,"Message from Flock Safety","Extending Threat Awareness Beyond Store Entry (LPR)"
webinar/how-proactive-technology-creates-safer-multifamily-communities.html,"Message from Flock Safety","How Proactive Technology Creates Safer Multifamily Communities"
webinar/introducing-flockos-911-demo.html,"Message from Flock Safety","FlockOS 911: Live 911 Call Audio for Patrol Officers"
webinar/keeping-healthcare-workers-safe-reducing-the-risk-of-workplace-violence.html,"Message from Flock Safety","Keeping Healthcare Workers Safe from Workplace Violence"
webinar/prepared-for-anything-how-cities-prepare-for-planned-and-unplanned-events.html,"Message from Flock Safety","How Cities Prepare for Planned and Unplanned Events"
webinar/proactive-approach-to-safety-for-houses-of-worship.html,"Message from Flock Safety","A Proactive Approach to Safety for Houses of Worship"
webinar/product-launch.html,"Message from Flock Safety","Flock Safety Product Launch: Falcon, Gunshot Detection, Live Video"
webinar/respond-to-incidents-faster-with-the-security-cameras-you-already-have.html,"Message from Flock Safety","Respond to Incidents Faster with Cameras You Already Have"
webinar/the-safety-blueprint-security-strategies-to-elevate-residential-communities.html,"Message from Flock Safety","The Safety Blueprint: Security Strategies to Elevate Residential Communities"
webinar/webinar-test-evens-page-copy-4.html,"Message from Flock Safety","Webinar Test Evens Page Copy 4"
webinar/webinar-test-evens-page-copy-6.html,"Message from Flock Safety","Webinar Test Evens Page Copy 6"
webinar/you-asked-we-listened-q4-public-safety-product-updates.html,"Message from Flock Safety","Q4 Public Safety Product Updates: New LPR &amp; Video Tools"
what-is-flock.html,"Message from Flock Safety","What Is Flock? Public Safety Technology"
