key,host,kind,id,title,duration,content_url,url,pages
wistia:074k44itcx,wistia,media,074k44itcx,Flock911_video-on scene,PT4S,https://embed-ssl.wistia.com/deliveries/38a9644920e6f67ca13c95caaa506715e71c6a4e.m3u8,https://fast.wistia.com/embed/medias/074k44itcx.json,served/blog/flock-911-flock-aerodome-integration.html
wistia:08j88jk9lr,wistia,media,08j88jk9lr,Flock2568_Engineer_Career Page_FINAL_captions,PT2M57S,https://embed-ssl.wistia.com/deliveries/6121343df40df84440d51f36f29e67e4bd4f7fb3.m3u8,https://fast.wistia.com/embed/medias/08j88jk9lr.json,served/careers/engineering.html
wistia:0ejcqievm7,wistia,media,0ejcqievm7,Dunwoody IACP 2024,PT3M13S,https://embed-ssl.wistia.com/deliveries/a6cbf729dd4d1c3222737b1be39a102842b77bc7.m3u8,https://fast.wistia.com/embed/medias/0ejcqievm7.json,served/blog/dunwoody-detective-utilizes-flock-data-to-prevent-potentially-dangerous-heist.html
wistia:0f8twzg7ma,wistia,media,0f8twzg7ma,Hope Rebuilt: Flock Safety Aids in Bombing at Healthcare Clinic,PT3M49S,https://embed-ssl.wistia.com/deliveries/1c44a8f8dfa6c40278ce606e7378d8f6f371dc85.m3u8,https://fast.wistia.com/embed/medias/0f8twzg7ma.json,served/blog/hope-rebuilt-flock-safety-aids-in-bombing-at-healthcare-clinic.html
wistia:0j9c8cqrpg,wistia,media,0j9c8cqrpg,Warehouse Ribbon Cutting 4.2.25-VEED,PT13M27S,https://embed-ssl.wistia.com/deliveries/df4eb0f47f2c5ae52746ff8367eae9c6d8f11e4d.m3u8,https://fast.wistia.com/embed/medias/0j9c8cqrpg.json,served/blog/flock-expands-georgia-footprint-with-new-manufacturing-facility.html
wistia:1mkkyl5rhl,wistia,media,1mkkyl5rhl,DFR_speed-zoom,PT14S,https://embed-ssl.wistia.com/deliveries/9ede59154d017ebc5b8e09111391f612e8c77579.m3u8,https://fast.wistia.com/embed/medias/1mkkyl5rhl.json,served/blog/dfr-need-for-speed.html
wistia:1rfpgzsbbd,wistia,media,1rfpgzsbbd,FLOCK2668_MST-PerimterProBooth-2-v6-260604,PT54S,https://embed-ssl.wistia.com/deliveries/9d9f8d811e788b26a075da15734cc5b7ea3e2071.m3u8,https://fast.wistia.com/embed/medias/1rfpgzsbbd.json,served/lp/perimeter-pro-demo.html
wistia:25nnkrsazy,wistia,media,25nnkrsazy,Castle Rock PD Dual Lens PTZ Testimonial,PT1M9S,https://embed-ssl.wistia.com/deliveries/91db70c9d24bad53b5f65b33137908e4883b7ef7.m3u8,https://fast.wistia.com/embed/medias/25nnkrsazy.json,served/video/how-castle-rock-police-department-extended-visibility-with-flock-dual-lens-ptz.html
wistia:47dbv620tq,wistia,media,47dbv620tq,2025 #Solved Awards: Inter-Agency Collaboration,PT2M18S,https://embed-ssl.wistia.com/deliveries/66d84549b017c7252ebfd8a68acbff895708ba1f.m3u8,https://fast.wistia.com/embed/medias/47dbv620tq.json,served/solved-stories-awards.html
wistia:4o3kds5q3w,wistia,media,4o3kds5q3w,Real-Time Policing in Action with Flock Safety,PT2M25S,https://embed-ssl.wistia.com/deliveries/80d06c13ce57c044fdcc32958c10ef7a59576c95.m3u8,https://fast.wistia.com/embed/medias/4o3kds5q3w.json,served/video/real-time-policing-in-action.html
wistia:556uxkdb45,wistia,media,556uxkdb45,original,PT1M5S,https://embed-ssl.wistia.com/deliveries/dbde2293ae9c17911f8d5662481325a89ec19235.m3u8,https://fast.wistia.com/embed/medias/556uxkdb45.json,served/video/providence-police-chief-credits-flock-with-helping-solve-mit-brown-murders.html
wistia:5bp1hv7kcf,wistia,media,5bp1hv7kcf,"How to Prevent Crime, Not Just Respond to It",PT33M57S,https://embed-ssl.wistia.com/deliveries/09f6334ef211c7a044a7e71ea26c067f00968edb.m3u8,https://fast.wistia.com/embed/medias/5bp1hv7kcf.json,served/webinar/ask-the-experts-how-to-prevent-crime-not-just-respond-to-it.html
wistia:5mqb11sy5r,wistia,media,5mqb11sy5r,2025 #Solved Awards: Best Use of LPR,PT2M10S,https://embed-ssl.wistia.com/deliveries/56c70b3290b778b3235d4e57aa9b7217ae703b83.m3u8,https://fast.wistia.com/embed/medias/5mqb11sy5r.json,served/solved-stories-awards.html
wistia:5odzh9o0oh,wistia,media,5odzh9o0oh,Keeping Healthcare Workers Safe: Reducing the Risk of Workplace Violence,PT1H2M10S,https://embed-ssl.wistia.com/deliveries/fc00dcca5f52b1fb28927dd89a634235c74fc024.m3u8,https://fast.wistia.com/embed/medias/5odzh9o0oh.json,served/webinar/keeping-healthcare-workers-safe-reducing-the-risk-of-workplace-violence.html
wistia:5rro4pbkmo,wistia,media,5rro4pbkmo,Dierbergs 5,PT22S,https://embed-ssl.wistia.com/deliveries/32ef3e4484c21e1ff1ab82329378865d72da9f3f.m3u8,https://fast.wistia.com/embed/medias/5rro4pbkmo.json,served/customers/flock-safety-helps-dierbergs-market-solve-orc-case-of-20k-in-stolen-merchandise.html
wistia:65k2jzcox9,wistia,media,65k2jzcox9,CT Product Webinar,PT39M46S,https://embed-ssl.wistia.com/deliveries/94ebf5e74c48d66b444f5d0c22d2ddc32e817e04.m3u8,https://fast.wistia.com/embed/medias/65k2jzcox9.json,served/webinar/the-shift-to-proactive-security-new-tools-to-deter-crime-and-hold-offenders-accountable.html
wistia:67fu6zztnh,wistia,media,67fu6zztnh,Enhanced LPR Overview,PT41S,https://embed-ssl.wistia.com/deliveries/3c12508b0ca585bf35a0f47ad13cb6f7a66ef29a.m3u8,https://fast.wistia.com/embed/medias/67fu6zztnh.json,served/blog/reduce-case-backlogs-and-overtime-with-tech.html served/enhanced-lpr-stop-crime-patterns-that-standard-lprs-cant-see.html
wistia:72xd85l9iz,wistia,media,72xd85l9iz,Case Study Fidelis Video 3,PT17S,https://embed-ssl.wistia.com/deliveries/33123c18ab1fcafcea76672297de7c023989290e.m3u8,https://fast.wistia.com/embed/medias/72xd85l9iz.json,served/customers/flock-safety-cameras-aid-police-in-arrest-just-30-minutes-after-going-live.html
wistia:77o31nkq0o,wistia,media,77o31nkq0o,,,,https://fast.wistia.com/embed/medias/77o31nkq0o.json,served/webinar/introducing-flock-os.html
wistia:7byqzva4ly,wistia,media,7byqzva4ly,Who Has Access to Your Data? (Flock Explained),PT45S,https://embed-ssl.wistia.com/deliveries/108bf70423f0befa26ea414714f17e208b126466.m3u8,https://fast.wistia.com/embed/medias/7byqzva4ly.json,served/blog/who-really-has-access-to-your-flock-data.html
wistia:7flksigewi,wistia,media,7flksigewi,,,,https://fast.wistia.com/embed/medias/7flksigewi.json,served/webinar/webinar-combating-orc-and-theft.html
wistia:7u8vcwx42f,wistia,media,7u8vcwx42f,Flock LPR Sizzle Reel,PT51S,https://embed-ssl.wistia.com/deliveries/1ab2756961dfe1e19b56c4cff5ab15aa2973532a.m3u8,https://fast.wistia.com/embed/medias/7u8vcwx42f.json,served/lp/proven-where-it-matters.html
wistia:7uqu140ckd,wistia,media,7uqu140ckd,200-400ft-updated,PT8S,https://embed-ssl.wistia.com/deliveries/804aaf8ccbe81031a1920883907edacfdd44ee42.m3u8,https://fast.wistia.com/embed/medias/7uqu140ckd.json,served/blog/200-vs-400-feet-dfr.html
wistia:8dpr03r5lu,wistia,media,8dpr03r5lu,FLOCK2660_Brookhaven + HOA Solved Story - Edited Video_v2,PT1M56S,https://embed-ssl.wistia.com/deliveries/6b7c56d6f8891ba7b17fb676b071f494203f8507.m3u8,https://fast.wistia.com/embed/medias/8dpr03r5lu.json,served/blog/how-an-hoa-lpr-camera-helped-identify-a-suspect-in-a-deadly-shooting-spree.html
wistia:8zvj24mck4,wistia,media,8zvj24mck4,Case Study Fidelis Video 2,PT8S,https://embed-ssl.wistia.com/deliveries/0730c6aa6279b5845fabdd5c9ea5248a317800c9.m3u8,https://fast.wistia.com/embed/medias/8zvj24mck4.json,served/customers/flock-safety-cameras-aid-police-in-arrest-just-30-minutes-after-going-live.html
wistia:98pdpxf39p,wistia,media,98pdpxf39p,Dierbergs 4,PT19S,https://embed-ssl.wistia.com/deliveries/4e9c8ebcb94a61658ed257570f4f5d4d5dd9b3f5.m3u8,https://fast.wistia.com/embed/medias/98pdpxf39p.json,served/customers/flock-safety-helps-dierbergs-market-solve-orc-case-of-20k-in-stolen-merchandise.html
wistia:98x4ka5m49,wistia,media,98x4ka5m49,"Preventing School Violence - Technology, Collaboration, and Community",PT28M27S,https://embed-ssl.wistia.com/deliveries/4a63f76c47910c7bf517e124b4bad96c2bd25cbf.m3u8,https://fast.wistia.com/embed/medias/98x4ka5m49.json,served/webinar/preventing-school-violence.html
wistia:98y3qiepux,wistia,media,98y3qiepux,Flock Safety + South Downtown Atlanta,PT3M59S,https://embed-ssl.wistia.com/deliveries/19b5027c77fa2782c501ea25a519e39d91d59852.m3u8,https://fast.wistia.com/embed/medias/98y3qiepux.json,served/blog/community-and-technology-unite-to-shape-a-safer-south-downtown-atlanta.html
wistia:993y4e6suq,wistia,media,993y4e6suq,Dierbergs 3,PT24S,https://embed-ssl.wistia.com/deliveries/b84fb398404c7ff089cf3024262fcee22a344c67.m3u8,https://fast.wistia.com/embed/medias/993y4e6suq.json,served/customers/flock-safety-helps-dierbergs-market-solve-orc-case-of-20k-in-stolen-merchandise.html
wistia:9enemob9fo,wistia,media,9enemob9fo,Flock Gun Violence Reduction,PT54S,https://embed-ssl.wistia.com/deliveries/b089ce0aeeec5441a2f49ec738369eff3725d54e.m3u8,https://fast.wistia.com/embed/medias/9enemob9fo.json,served/blog/flock-safetys-gun-violence-reduction-plan-a-multi-faceted-approach-to-a-complex-issue.html
wistia:a3jqo66osk,wistia,media,a3jqo66osk,Extending Threat Awareness Beyond Store Entry,PT1H1M24S,https://embed-ssl.wistia.com/deliveries/0a61c910ff4aada14d9b0dcfa695c5a0a7b8f616.m3u8,https://fast.wistia.com/embed/medias/a3jqo66osk.json,served/webinar/extending-threat-awareness-beyond-store-entry.html
wistia:a8fprewcz6,wistia,media,a8fprewcz6,More Products.  More Possibilities - May 2023 Product Launch,PT23M51S,https://embed-ssl.wistia.com/deliveries/dd2a78e81d1bca5eb635e4769eee9b766440b574.m3u8,https://fast.wistia.com/embed/medias/a8fprewcz6.json,served/webinar/product-launch.html
wistia:agsapptd13,wistia,media,agsapptd13,FLOCK2681_PTZLoop_16x9_01,PT26S,https://embed-ssl.wistia.com/deliveries/9a3c31dd22d01bf1ae851876eb83cdae26952c82.m3u8,https://fast.wistia.com/embed/medias/agsapptd13.json,served/dual-lens-ptz-video.html
wistia:b1smein42a,wistia,media,b1smein42a,Brandon Simins Joins Flock Safety,PT4M33S,https://embed-ssl.wistia.com/deliveries/290e108ad3077392d2d83868f82de268901d71c5.m3u8,https://fast.wistia.com/embed/medias/b1smein42a.json,served/blog/brandon-simins-joins-flock-safety-as-chief-financial-officer.html
wistia:b8euq9htl4,wistia,media,b8euq9htl4,Flock Drone as Automated Security (DAS),PT1M48S,https://embed-ssl.wistia.com/deliveries/3ebc9ca5cceee8c6f2227a6a7705cdc3152d94ad.m3u8,https://fast.wistia.com/embed/medias/b8euq9htl4.json,served/video/drone-as-automated-security-eyes-on-threats-in-seconds.html
wistia:cdf9a7fbp6,wistia,media,cdf9a7fbp6,Dierbergs 1,PT22S,https://embed-ssl.wistia.com/deliveries/d4fa9d36bf092e3b12119741764948b3495e9982.m3u8,https://fast.wistia.com/embed/medias/cdf9a7fbp6.json,served/customers/flock-safety-helps-dierbergs-market-solve-orc-case-of-20k-in-stolen-merchandise.html
wistia:ckurdgha9i,wistia,media,ckurdgha9i, Expanding Your Healthcare Security Perimeter Beyond Four Walls,PT33M31S,https://embed-ssl.wistia.com/deliveries/3e38ced7ebd75df4170c50e9c658669e5cad0040.m3u8,https://fast.wistia.com/embed/medias/ckurdgha9i.json,served/webinar/expanding-your-healthcare-security-perimeter-beyond-four-walls.html
wistia:cmh2598l85,wistia,media,cmh2598l85,How Campus Safety Can Boost Student Enrollment &amp; Trust,PT54M45S,https://embed-ssl.wistia.com/deliveries/d812fab6cb685b2d9330a63459743e03ec9b6bff.m3u8,https://fast.wistia.com/embed/medias/cmh2598l85.json,served/webinar/how-campus-safety-can-boost-student-enrollment-trust.html
wistia:cvkcua786f,wistia,media,cvkcua786f,2025 February Product Launch: No Cost API + AI for Faster Investigations,PT45M51S,https://embed-ssl.wistia.com/deliveries/10f5832baaa3aad5f160a1b1ac227b417da2a234.m3u8,https://fast.wistia.com/embed/medias/cvkcua786f.json,served/webinar/product-launch-no-cost-apis-ai-for-faster-investigations.html
wistia:cwz2iva1w2,wistia,media,cwz2iva1w2,Academy3,PT10M21S,https://embed-ssl.wistia.com/deliveries/3ded172207d6cf72a2bafec830e1c286cb786afe.m3u8,https://fast.wistia.com/embed/medias/cwz2iva1w2.json,served/customers/academy-sports-tackles-organized-retail-crime-with-flock-safety.html
wistia:d3dyubah2j,wistia,media,d3dyubah2j,Reducing Retail Crime: How Retailers Can Partner with Law Enforcement to Solve and Prevent Crime,PT45M25S,https://embed-ssl.wistia.com/deliveries/caeb399325f77f5bfbdf2b4177c7b95683fb6f79.m3u8,https://fast.wistia.com/embed/medias/d3dyubah2j.json,served/webinar/reducing-retail-crime-webinar.html
wistia:dcb7zrthk7,wistia,media,dcb7zrthk7,Councilmember Ed Flynn on Flock Boston,PT1M43S,https://embed-ssl.wistia.com/deliveries/60909dae8b822f61abf108579c942cd197a18b62.m3u8,https://fast.wistia.com/embed/medias/dcb7zrthk7.json,served/blog/flock-safety-opens-new-boston-office-plans-to-bring-150-jobs-to-the-city.html
wistia:ddvmdqh6lv,wistia,media,ddvmdqh6lv,"What’s New in Flock Aerodome _ Smarter Pursuits, Mobile DFR, Aerial Alerts &amp; Multi-Drone Control",PT4M,https://embed-ssl.wistia.com/deliveries/92c833bf4caac5f8a3b89cad5edb64bdef2dfc54.m3u8,https://fast.wistia.com/embed/medias/ddvmdqh6lv.json,served/blog/flock-aerodome-software-updates-fall--2025.html
wistia:ebxwqck1jv,wistia,media,ebxwqck1jv,Community Safety Explainer Video,PT3M9S,https://embed-ssl.wistia.com/deliveries/4dea4fa5483d6c666996c5db0b54342ba3a01f26.m3u8,https://fast.wistia.com/embed/medias/ebxwqck1jv.json,served/webinar/safer-together-video.html
wistia:edc4qfmf6s,wistia,media,edc4qfmf6s,Academy Sports,PT33M10S,https://embed-ssl.wistia.com/deliveries/088995eda6bc15669ffa2313d5b40f294738a518.m3u8,https://fast.wistia.com/embed/medias/edc4qfmf6s.json,served/blog/flock-lpr-cameras-drive-major-security-improvements-at-academy-sports.html
wistia:ewilvnac76,wistia,media,ewilvnac76,Drone speed 1,PT3S,https://embed-ssl.wistia.com/deliveries/4a4aa8e794a55524b6e763ab4ae983a221b9ae1f.m3u8,https://fast.wistia.com/embed/medias/ewilvnac76.json,served/blog/dfr-need-for-speed.html
wistia:f46opcy1x0,wistia,media,f46opcy1x0,Flock2569_Q3-PrvSecWebinar_DFR cutdown B_v2,PT1M17S,https://embed-ssl.wistia.com/deliveries/536cf8d5c564f3f9ccd3ea6cbb64bbcbde426ac4.m3u8,https://fast.wistia.com/embed/medias/f46opcy1x0.json,served/webinar/drone-as-automated-security-faa-compliance-whats-required.html
wistia:f7beadn72a,wistia,media,f7beadn72a,2025 #Solved Awards: Community Engagement,PT2M13S,https://embed-ssl.wistia.com/deliveries/fd736ef02e774b6ef58e9d8de87040e2d70e121b.m3u8,https://fast.wistia.com/embed/medias/f7beadn72a.json,served/solved-stories-awards.html
wistia:f8qso7n6hy,wistia,media,f8qso7n6hy,Case Study Fidelis - Video 1,PT36S,https://embed-ssl.wistia.com/deliveries/6ca7fce81129e95f8a6067902f4e15f9c93ba5f2.m3u8,https://fast.wistia.com/embed/medias/f8qso7n6hy.json,served/customers/flock-safety-cameras-aid-police-in-arrest-just-30-minutes-after-going-live.html
wistia:g03xz0o8ut,wistia,media,g03xz0o8ut,License-Plate-Video,PT11S,https://embed-ssl.wistia.com/deliveries/ef6e336dc15db7b9358f75f7ed6a084695c33212.m3u8,https://fast.wistia.com/embed/medias/g03xz0o8ut.json,served/blog/open-vs-closed-dfr-ecosystem.html
wistia:gayegdwaii,wistia,media,gayegdwaii,,,,https://fast.wistia.com/embed/medias/gayegdwaii.json,served/webinar/elevate-your-response-with-flockos-r-911.html
wistia:i1m9i0pndw,wistia,media,i1m9i0pndw,Drone launch 2,PT7S,https://embed-ssl.wistia.com/deliveries/001dd7127e5b4642d53b6fa9c117ad199798bcb5.m3u8,https://fast.wistia.com/embed/medias/i1m9i0pndw.json,served/blog/dfr-need-for-speed.html
wistia:ia79iilapx,wistia,media,ia79iilapx,Drone pre-launch 1,PT11S,https://embed-ssl.wistia.com/deliveries/64cf28041d79808ed0411b9302d2725379010ea1.m3u8,https://fast.wistia.com/embed/medias/ia79iilapx.json,served/blog/dfr-need-for-speed.html
wistia:ijqk0d4hs8,wistia,media,ijqk0d4hs8,LPR Sizzle | Q1 2026,PT1M14S,https://embed-ssl.wistia.com/deliveries/13bfe4f35ba6f3f86af88771615166d81e396304.m3u8,https://fast.wistia.com/embed/medias/ijqk0d4hs8.json,served/video/not-all-lprs-are-created-equal.html
wistia:il7k0o1qmn,wistia,media,il7k0o1qmn,FLOCK2622_Bundles_EvidenceEngine_1x1_H264 (1) (1),PT20S,https://embed-ssl.wistia.com/deliveries/c1ce8d8807c7844d638a84caac718eb08c6cbef8.m3u8,https://fast.wistia.com/embed/medias/il7k0o1qmn.json,served/choose-your-bundle.html
wistia:imr6vzeawt,wistia,media,imr6vzeawt,,,,https://fast.wistia.com/embed/medias/imr6vzeawt.json,served/webinar/video-without-limitations.html
wistia:ivy8uqea7m,wistia,media,ivy8uqea7m,Dual Lens PTZ Sizzle (Private Sector),PT48S,https://embed-ssl.wistia.com/deliveries/9ca6bb8dca248f4b0ca1b8e67e3880f7d67034cd.m3u8,https://fast.wistia.com/embed/medias/ivy8uqea7m.json,served/blog/stop-choosing-between-coverage-and-clarity-dual-lens-ptz-delivers-both.html
wistia:jl66npux0n,wistia,media,jl66npux0n,FLOCK2679_LPRPro_Sizzle_1x1_Final,PT57S,https://embed-ssl.wistia.com/deliveries/d601e9b084e7df736512fe43624c77f80d09ba60.m3u8,https://fast.wistia.com/embed/medias/jl66npux0n.json,served/lp/lpr-pro-early-access.html served/lp/lpr-pro-waitlist.html
wistia:k7indt6r5s,wistia,media,k7indt6r5s,FLOCK2622_Bundles_RapidResponse_1x1_h264 (2) (1),PT24S,https://embed-ssl.wistia.com/deliveries/b6429fcd99cf445bc38cc47960510f9a3e17861b.m3u8,https://fast.wistia.com/embed/medias/k7indt6r5s.json,served/choose-your-bundle.html served/lp/rapid-response-shield.html
wistia:kc9sl7m8hp,wistia,media,kc9sl7m8hp,Marietta PD | Det. Nudi,PT2M59S,https://embed-ssl.wistia.com/deliveries/0fa2c7cb9fb8baf4711c552fd86be5ab92c4d559.m3u8,https://fast.wistia.com/embed/medias/kc9sl7m8hp.json,served/blog/solved-marietta-pd-leverages-flock-technology-to-swiftly-solve-homicide-case.html
wistia:kvzs6zwogl,wistia,media,kvzs6zwogl,The Safety Blueprint_Security Strategies to Elevate Residential Communities,PT41M17S,https://embed-ssl.wistia.com/deliveries/a696c0782259333cd95965067f5285f9c53d0fe2.m3u8,https://fast.wistia.com/embed/medias/kvzs6zwogl.json,served/webinar/the-safety-blueprint-security-strategies-to-elevate-residential-communities.html
wistia:kyfinlrsth,wistia,media,kyfinlrsth,Crisis-Proof Your Public Safety Tech,PT30M17S,https://embed-ssl.wistia.com/deliveries/4b39ecd0a76b0143343fe4adf804403cce7fbcdf.m3u8,https://fast.wistia.com/embed/medias/kyfinlrsth.json,served/webinar/crisis-proof-your-public-safety-tech.html
wistia:l8t6qy9d4y,wistia,media,l8t6qy9d4y,White Settlement Police Department | Chief Cook ,PT3M13S,https://embed-ssl.wistia.com/deliveries/39284803f4bb0a2c1eeffb70839f9425565bc4fe.m3u8,https://fast.wistia.com/embed/medias/l8t6qy9d4y.json,served/blog/explore-how-white-settlement-pd-uses-flock-technology-to-protect-officers-boost-collaboration-and-solve-more-crimes.html
wistia:lemqdqhqaj,wistia,media,lemqdqhqaj,Q1 2024 Flock Safety Quarterly Product Update,PT21M42S,https://embed-ssl.wistia.com/deliveries/e3f5e4ae6403a28e8df4620fdb1dd3a1481d9a20.m3u8,https://fast.wistia.com/embed/medias/lemqdqhqaj.json,served/webinar/q1-2024-flock-safety-quarterly-product-update.html
wistia:lermkbsp3d,wistia,media,lermkbsp3d,Albany PD,PT3M3S,https://embed-ssl.wistia.com/deliveries/68244bc0d7704ccf1383e9a7b90b1de31b9cb4b9.m3u8,https://fast.wistia.com/embed/medias/lermkbsp3d.json,served/blog/leveraging-technology-to-strengthen-inter-agency-collaboration-and-address-crime-in-albany.html
wistia:lrup3tme40,wistia,media,lrup3tme40,Webinar NLC - Edited (1),PT46M48S,https://embed-ssl.wistia.com/deliveries/49b2a854d979ff5f1333bec9089ce590a0f933ea.m3u8,https://fast.wistia.com/embed/medias/lrup3tme40.json,served/webinar/reducing-traffic-deaths-and-building-a-safer-city.html
wistia:luk79kipca,wistia,media,luk79kipca,Mobile Ops,PT15S,https://embed-ssl.wistia.com/deliveries/3131d3d819c4ffa50705840f26a4438ac9dc8e83.m3u8,https://fast.wistia.com/embed/medias/luk79kipca.json,served/blog/flock-aerodome-software-updates-fall--2025.html
wistia:m4eifizhkn,wistia,media,m4eifizhkn,FLOCK2638_TrustHub-WeBelieve-v2-260327,PT34S,https://embed-ssl.wistia.com/deliveries/6602e76527aa7e0fe578ddd0bf421eb4b67823f7.m3u8,https://fast.wistia.com/embed/medias/m4eifizhkn.json,served/trust.html
wistia:mbmyrlg0mw,wistia,media,mbmyrlg0mw,FLOCK2429_GuardianMode-Blur-v1-240802 (1),PT1M8S,https://embed-ssl.wistia.com/deliveries/b3aff532bbf4af28d3323d4d331ae05097e9a705.m3u8,https://fast.wistia.com/embed/medias/mbmyrlg0mw.json,served/blog/new-ai-video-analytics-features-24-7-security-coverage-no-extra-staff-needed.html
wistia:n0jq7dueq3,wistia,media,n0jq7dueq3,Building Safer Communities: How to Secure Your Neighborhoods,PT34M26S,https://embed-ssl.wistia.com/deliveries/84a5f113d6fdc5b649475b6574c83ad19a725a61.m3u8,https://fast.wistia.com/embed/medias/n0jq7dueq3.json,served/webinar/building-safer-communities-how-to-secure-your-neighborhoods.html
wistia:n9h2ez84fk,wistia,media,n9h2ez84fk,Academy2,PT10M21S,https://embed-ssl.wistia.com/deliveries/60466f420fac7cd3e90f69d5fded5070cc089bdb.m3u8,https://fast.wistia.com/embed/medias/n9h2ez84fk.json,served/customers/academy-sports-tackles-organized-retail-crime-with-flock-safety.html
wistia:nc9mfoyz01,wistia,media,nc9mfoyz01,March 13 Announcement,PT3M11S,https://embed-ssl.wistia.com/deliveries/029175dcae99bcfbe0e5e036224c0a2a176a47ea.m3u8,https://fast.wistia.com/embed/medias/nc9mfoyz01.json,served/blog/flock-safety-secures-major-funding.html
wistia:nndaf07d8g,wistia,media,nndaf07d8g,Multi-drone,PT8S,https://embed-ssl.wistia.com/deliveries/18b5e97338726be7de990013161234c861503a15.m3u8,https://fast.wistia.com/embed/medias/nndaf07d8g.json,served/blog/flock-aerodome-software-updates-fall--2025.html
wistia:nr6rgoq8yh,wistia,media,nr6rgoq8yh,Dierbergs 2,PT11S,https://embed-ssl.wistia.com/deliveries/56bd4c7f8968464a76573c6a6aea1efc985f579b.m3u8,https://fast.wistia.com/embed/medias/nr6rgoq8yh.json,served/customers/flock-safety-helps-dierbergs-market-solve-orc-case-of-20k-in-stolen-merchandise.html
wistia:nu1qdnooac,wistia,media,nu1qdnooac,WSPD IACP 2024,PT2M16S,https://embed-ssl.wistia.com/deliveries/71d14404899d5e6aef5fe9ecc10b8ea8b1d01858.m3u8,https://fast.wistia.com/embed/medias/nu1qdnooac.json,served/blog/white-settlements-detective-ramirez-enhances-officer-safety-through-technology.html
wistia:oalx9dwsxp,wistia,media,oalx9dwsxp,How Flock Safety Cameras Empower Communities and Law Enforcement,PT8M,https://embed-ssl.wistia.com/deliveries/79961d2336624e76c2db14706e89670b1430d8a9.m3u8,https://fast.wistia.com/embed/medias/oalx9dwsxp.json,served/webinar/empowering-communities-and-law-enforcement-with-flock-safety-video.html
wistia:olodpim8hj,wistia,media,olodpim8hj,Flock911_video2-AR,PT4S,https://embed-ssl.wistia.com/deliveries/f50d92135535fdfb0a284039475e7632b8344c59.m3u8,https://fast.wistia.com/embed/medias/olodpim8hj.json,served/blog/flock-911-flock-aerodome-integration.html
wistia:op8w33r30e,wistia,media,op8w33r30e,Flock911-Mo-Crop-updated,PT11S,https://embed-ssl.wistia.com/deliveries/3db11abba711755ea68f32c470510bbdc6ec6bce.m3u8,https://fast.wistia.com/embed/medias/op8w33r30e.json,served/blog/open-vs-closed-dfr-ecosystem.html
wistia:opmi8vs4v9,wistia,media,opmi8vs4v9,Flock2569_Q3-PrvSecWebinar_DFR cutdown A_v2,PT54S,https://embed-ssl.wistia.com/deliveries/f4f6d367ab4972f4188f1097207b47126a17573a.m3u8,https://fast.wistia.com/embed/medias/opmi8vs4v9.json,served/webinar/faster-after-hours-response-with-drone-as-automated-security.html
wistia:pb1omgi4z2,wistia,media,pb1omgi4z2,Flock_Data Security 1_GL,PT30S,https://embed-ssl.wistia.com/deliveries/d4b5fa58b6ebc9fdad456040c45694d6228ae2e8.m3u8,https://fast.wistia.com/embed/medias/pb1omgi4z2.json,served/blog/keeping-our-customers-in-control.html
wistia:pdhleg0j5v,wistia,media,pdhleg0j5v,000548_FS_LaunchFilm_60s_16-9,PT1M19S,https://embed-ssl.wistia.com/deliveries/7b5dad91c8c0c9960cf9140a70743e8288e05f77.m3u8,https://fast.wistia.com/embed/medias/pdhleg0j5v.json,served/video/flock-alpha.html
wistia:poqx8u42dw,wistia,media,poqx8u42dw,Schattemans IACP 2024,PT3M42S,https://embed-ssl.wistia.com/deliveries/7357f26b34ae8a56f82d81dcdf46b05f1cd5c369.m3u8,https://fast.wistia.com/embed/medias/poqx8u42dw.json,served/blog/swift-police-response-brings-relief-after-harrowing-ofallon-home-invasion.html
wistia:pu7suf4330,wistia,media,pu7suf4330,Tulsa Case Study Clip 1,PT37S,https://embed-ssl.wistia.com/deliveries/07387658ac56404d435fb70aa1df54305e359fe1.m3u8,https://fast.wistia.com/embed/medias/pu7suf4330.json,served/customers/tulsa-oklahoma-shopping-center-sees-nearly-70-drop-in-retail-theft-incidents-with-flock-safety.html
wistia:qgfm1yqbwy,wistia,media,qgfm1yqbwy,DeKalb Co _ Safe City,PT1M54S,https://embed-ssl.wistia.com/deliveries/f9bbdf233cf6b3844e9238861e980c9af5694c24.m3u8,https://fast.wistia.com/embed/medias/qgfm1yqbwy.json,served/video/dekalb-county-safe-city.html
wistia:qpf4ohjejq,wistia,media,qpf4ohjejq,Tulsa Case Study Clip 3,PT47S,https://embed-ssl.wistia.com/deliveries/fa625c82d260b714d76491c0d836be27861e1d88.m3u8,https://fast.wistia.com/embed/medias/qpf4ohjejq.json,served/customers/tulsa-oklahoma-shopping-center-sees-nearly-70-drop-in-retail-theft-incidents-with-flock-safety.html
wistia:r7msnpoy6p,wistia,media,r7msnpoy6p,Q2-2024-Webinar-NewEdit-v2,PT28M23S,https://embed-ssl.wistia.com/deliveries/7ae1fed87457d0cb2d5855413e08a79d05006ec6.m3u8,https://fast.wistia.com/embed/medias/r7msnpoy6p.json,served/webinar/lp-product-launch-may-2024-on-demand.html served/webinar/product-launch-may-2024.html
wistia:rm3r6el4pc,wistia,media,rm3r6el4pc,"Catch Threats Early, Resolve Them Quickly: Stronger Protection for Businesses and Communities",PT51M51S,https://embed-ssl.wistia.com/deliveries/a9ca8abc36d0e7e6d1e1cecfbd741f847de4040d.m3u8,https://fast.wistia.com/embed/medias/rm3r6el4pc.json,served/webinar/catch-threats-early-resolve-them-quickly-stronger-protection-for-businesses-and-communities-video.html
wistia:rocaznqkki,wistia,media,rocaznqkki,2025 #Solved Awards: Missing Persons,PT2M12S,https://embed-ssl.wistia.com/deliveries/eeee93db2eabfaa2c5d597c0c468569712245fa9.m3u8,https://fast.wistia.com/embed/medias/rocaznqkki.json,served/solved-stories-awards.html
wistia:rquhwbuype,wistia,media,rquhwbuype,How Flock Ensures Transparency and Accountability in Public Safety Technology,PT1M9S,https://embed-ssl.wistia.com/deliveries/d54e5f12f75c2a54a4fe1fc517ffe50fcfd54ed2.m3u8,https://fast.wistia.com/embed/medias/rquhwbuype.json,served/blog/how-flock-builds-transparency-into-public-safety-technology.html
wistia:sb92vk6ggt,wistia,media,sb92vk6ggt,Ross - NOLA RTCC-VEED,PT40M1S,https://embed-ssl.wistia.com/deliveries/b7397b1240a784f22e4bb5a978dacdccdfd94129.m3u8,https://fast.wistia.com/embed/medias/sb92vk6ggt.json,served/blog/inside-new-orleans-real-time-crime-center-a-model-of-resilience-innovation-and-public-safety.html
wistia:t8grfx8yxq,wistia,media,t8grfx8yxq,What Flock Cameras Capture (And What They Don’t),PT57S,https://embed-ssl.wistia.com/deliveries/f5f01a0ddc32b7719d37b815f4b80ec5dcb14a12.m3u8,https://fast.wistia.com/embed/medias/t8grfx8yxq.json,served/blog/what-do-flock-cameras-actually-capture.html
wistia:tb5nky2dah,wistia,media,tb5nky2dah,FLOCK2668_MST-PerimterProBooth-1-v8-260604,PT1M5S,https://embed-ssl.wistia.com/deliveries/90a3e3dcb096611157293691dda2813bbe7a74ab.m3u8,https://fast.wistia.com/embed/medias/tb5nky2dah.json,served/lp/perimeter-pro-demo.html
wistia:tjz4gvo4x3,wistia,media,tjz4gvo4x3,Flock2569_Q3-PrvSecWebinar_DFR cutdown D_v2,PT1M26S,https://embed-ssl.wistia.com/deliveries/90ffde70865411e3371886c1afb8e2f9be7dc255.m3u8,https://fast.wistia.com/embed/medias/tjz4gvo4x3.json,served/webinar/how-does-drone-as-automated-security-work.html
wistia:tw4j36mg03,wistia,media,tw4j36mg03,Flock911_video1-launch,PT9S,https://embed-ssl.wistia.com/deliveries/13c53c53d179499760fb0c682d514f2875b93e48.m3u8,https://fast.wistia.com/embed/medias/tw4j36mg03.json,served/blog/flock-911-flock-aerodome-integration.html
wistia:tysont3il8,wistia,media,tysont3il8,Fort Worth RTCC 2024,PT3M2S,https://embed-ssl.wistia.com/deliveries/c8c116bea1eb10da202a13e41571ca06c09f4a37.m3u8,https://fast.wistia.com/embed/medias/tysont3il8.json,served/blog/how-the-fort-worth-police-department-is-continually-innovating-real-time-policing.html
wistia:uapvoontsk,wistia,media,uapvoontsk,Dunwoody PD,PT3M22S,https://embed-ssl.wistia.com/deliveries/57687776532fdd327b8d80c98079266e1c3f81d4.m3u8,https://fast.wistia.com/embed/medias/uapvoontsk.json,served/blog/how-community-and-technology-are-shaping-a-safer-future-in-dunwoody-georgia.html
wistia:ueo7k59ryn,wistia,media,ueo7k59ryn,,,,https://fast.wistia.com/embed/medias/ueo7k59ryn.json,served/webinar/the-future-of-policing-is-real-time.html
wistia:uguxebmwsq,wistia,media,uguxebmwsq,Vehicle follow,PT14S,https://embed-ssl.wistia.com/deliveries/103dab78f598e7d94552edc8c22eec98c9701d6e.m3u8,https://fast.wistia.com/embed/medias/uguxebmwsq.json,served/blog/flock-aerodome-software-updates-fall--2025.html
wistia:ulhq92auq8,wistia,media,ulhq92auq8,Tulsa Case Study Clip 2,PT28S,https://embed-ssl.wistia.com/deliveries/d818f1458c4ce4273a2875918231ac956e9e23fe.m3u8,https://fast.wistia.com/embed/medias/ulhq92auq8.json,served/customers/tulsa-oklahoma-shopping-center-sees-nearly-70-drop-in-retail-theft-incidents-with-flock-safety.html
wistia:uro2727k65,wistia,media,uro2727k65,Academy1,PT10M21S,https://embed-ssl.wistia.com/deliveries/dab96402b45dcb569e8e29fb63b3f54c6b91d78c.m3u8,https://fast.wistia.com/embed/medias/uro2727k65.json,served/customers/academy-sports-tackles-organized-retail-crime-with-flock-safety.html
wistia:uwz8dywzub,wistia,media,uwz8dywzub,Flock911_video1-launch-adjust,PT9S,https://embed-ssl.wistia.com/deliveries/44b590330bfc05988b5b3f07d60ad93f2113e78d.m3u8,https://fast.wistia.com/embed/medias/uwz8dywzub.json,served/blog/dfr-need-for-speed.html
wistia:uzae3nq3o6,wistia,media,uzae3nq3o6,People Detection Alert,PT32S,https://embed-ssl.wistia.com/deliveries/c06bbd18d68ffe98ec5c6587ddaa0bcd23fa8af8.m3u8,https://fast.wistia.com/embed/medias/uzae3nq3o6.json,served/blog/new-ai-video-analytics-features-24-7-security-coverage-no-extra-staff-needed.html
wistia:v7rmlyuxqx,wistia,media,v7rmlyuxqx,FLOCK2679_LPRPro_Sizzle_16x9_Final,PT56S,https://embed-ssl.wistia.com/deliveries/06282c7f1f36fdb9bf4f354d1cdf40c280050d49.m3u8,https://fast.wistia.com/embed/medias/v7rmlyuxqx.json,served/lp/lpr-pro-early-access.html served/lp/lpr-pro-waitlist.html served/products/license-plate-readers.html
wistia:v8tr4jgcpu,wistia,media,v8tr4jgcpu,FLOCK2622_Bundles_CommandSuite_1x1_H264 (1),PT24S,https://embed-ssl.wistia.com/deliveries/5c2e130baad978f04b6978be29d1c668573264f0.m3u8,https://fast.wistia.com/embed/medias/v8tr4jgcpu.json,served/choose-your-bundle.html
wistia:vsbjzd69dq,wistia,media,vsbjzd69dq,MST-zoomWebinar,PT19M13S,https://embed-ssl.wistia.com/deliveries/5d049bc9b4296dd7a16d1ff19b74196bf4a21129.m3u8,https://fast.wistia.com/embed/medias/vsbjzd69dq.json,served/webinar/q-a-get-to-know-the-mobile-security-trailer.html
wistia:vt9nqarq00,wistia,media,vt9nqarq00,De-Risk Your Response with AI-Powered Audio Detection,PT1H2M14S,https://embed-ssl.wistia.com/deliveries/c40772b2d3ca7be58fc24b5d4976ca1a79015d7b.m3u8,https://fast.wistia.com/embed/medias/vt9nqarq00.json,served/webinar/de-risk-your-response-with-ai-powered-audio-detection.html
wistia:w6edq59d8k,wistia,media,w6edq59d8k,Cobb IACP 2024,PT2M17S,https://embed-ssl.wistia.com/deliveries/3576eb7a7ac6804db4723a3d7d807a606990cce7.m3u8,https://fast.wistia.com/embed/medias/w6edq59d8k.json,served/blog/solved-cobb-county-officers-leverage-the-flock-system-to-detain-dangerous-suspect.html
wistia:w8w9w36dy1,wistia,media,w8w9w36dy1,FLOCK2636_RevCareerPage-FINAL-260511,PT1M58S,https://embed-ssl.wistia.com/deliveries/deab185a2d4a2abbb215a6f45afbe283dc537717.m3u8,https://fast.wistia.com/embed/medias/w8w9w36dy1.json,served/blog/turning-deals-into-real-world-impact-sales-at-flock.html
wistia:wdabwdrenl,wistia,media,wdabwdrenl,"You Asked, We Listened: Q4 Public Safety Product Updates",PT44M41S,https://embed-ssl.wistia.com/deliveries/7f9ac6004064ceebf4688f2e4fa6ca5c540bcaf2.m3u8,https://fast.wistia.com/embed/medias/wdabwdrenl.json,served/webinar/you-asked-we-listened-q4-public-safety-product-updates.html
wistia:x2b7de9qid,wistia,media,x2b7de9qid,Albany Solved Award 2024,PT2M43S,https://embed-ssl.wistia.com/deliveries/d408ab8572365e10c248742969c9af6d37cd5e0c.m3u8,https://fast.wistia.com/embed/medias/x2b7de9qid.json,served/blog/flock-cameras-enhance-crime-fighting-efforts-in-albany.html
wistia:x8szxhcq1w,wistia,media,x8szxhcq1w,2025 #Solved Awards: Best Example of Real-Time Policing,PT2M5S,https://embed-ssl.wistia.com/deliveries/adde9293834708622c1a1d566b619dd6fb8d403d.m3u8,https://fast.wistia.com/embed/medias/x8szxhcq1w.json,served/solved-stories-awards.html
wistia:xa0qd1v26f,wistia,media,xa0qd1v26f,,,,https://fast.wistia.com/embed/medias/xa0qd1v26f.json,served/webinar/elevate-your-rtcc-operations.html served/webinar/the-case-for-lpr-gunshot-detection.html
wistia:xev2ybxij7,wistia,media,xev2ybxij7,2025 #Solved Awards: Full City Coverage,PT2M27S,https://embed-ssl.wistia.com/deliveries/fe39d3bbb11f1908e402cd8f9282c46ec0b1e0b5.m3u8,https://fast.wistia.com/embed/medias/xev2ybxij7.json,served/solved-stories-awards.html
wistia:xjqv8kedr9,wistia,media,xjqv8kedr9,Flock Video [H] (1),PT1M7S,https://embed-ssl.wistia.com/deliveries/21379e82bf395566c304b0fda22019eb51875b7d.m3u8,https://fast.wistia.com/embed/medias/xjqv8kedr9.json,served/what-is-flock.html
wistia:xy5ubl70o7,wistia,media,xy5ubl70o7,ALPR-AR-alt,PT11S,https://embed-ssl.wistia.com/deliveries/02a9cc6b59702f68c1cff1549773cefea8f35eef.m3u8,https://fast.wistia.com/embed/medias/xy5ubl70o7.json,served/blog/open-vs-closed-dfr-ecosystem.html
wistia:yi9ibud4b9,wistia,media,yi9ibud4b9,Tulsa Case Study Clip 4,PT27S,https://embed-ssl.wistia.com/deliveries/22e06ec2edafed397204f88655f0462eaaaeaa7a.m3u8,https://fast.wistia.com/embed/medias/yi9ibud4b9.json,served/customers/tulsa-oklahoma-shopping-center-sees-nearly-70-drop-in-retail-theft-incidents-with-flock-safety.html
wistia:yle4ol7x0v,wistia,media,yle4ol7x0v,Mobile Security Trailer Sizzle - Dec 2025,PT43S,https://embed-ssl.wistia.com/deliveries/1accfb31cf0f41c728e893cca1e4fe5cd75ab167.m3u8,https://fast.wistia.com/embed/medias/yle4ol7x0v.json,served/mobile-security-trailers-are-the-ultimate-seasonal-sidekick.html served/mobile-security-trailers-turn-deterrence-into-actionable-evidence.html
wistia:ysl0a5ob9c,wistia,media,ysl0a5ob9c,Flock Together 2026,PT1M36S,https://embed-ssl.wistia.com/deliveries/5564adab98124c214229de9eff6cdd454fcef401.m3u8,https://fast.wistia.com/embed/medias/ysl0a5ob9c.json,served/blog/flock-together-the-2026-recap.html served/blog/rko-2026-recap.html served/careers/experience.html
wistia:ywkkw3bz9s,wistia,media,ywkkw3bz9s,Uncover and Connect: Taking Human Trafficking Investigations to the Next Level,PT1H2M21S,https://embed-ssl.wistia.com/deliveries/779c9c319b2a04c4b7b26c91beed7bc6cdba8473.m3u8,https://fast.wistia.com/embed/medias/ywkkw3bz9s.json,served/webinar/thank-you-uncover-and-connect-taking-human-trafficking-investigations-to-the-next-level-on-demand.html
youtube:_Vo7VcFKDk8,youtube,video,_Vo7VcFKDk8,,,,https://www.youtube.com/watch?v=_Vo7VcFKDk8,served/blog/from-detection-to-coordination-a-new-model-for-law-enforcement-response.html
youtube:-YxQLZBqlLI,youtube,video,-YxQLZBqlLI,,,,https://www.youtube.com/watch?v=-YxQLZBqlLI,served/blog/building-a-safer-stronger-allentown-a-conversation-with-mayor-matt-tuerk.html served/blog/safe-cities-are-thriving-cities-the-interconnectedness-of-crime-safety-and-quality-of-life.html
youtube:2D6WC4q-fV0,youtube,video,2D6WC4q-fV0,,,,https://www.youtube.com/watch?v=2D6WC4q-fV0,served/blog/flock-safety-solved-stories-recap-edition-020.html
youtube:2kbxeLyRJpU,youtube,video,2kbxeLyRJpU,,,,https://www.youtube.com/watch?v=2kbxeLyRJpU,served/blog/not-all-license-plate-readers-are-equal-when-plate-data-fails-how-do-investigations-continue.html
youtube:3LT0nCt4WNo,youtube,video,3LT0nCt4WNo,,,,https://www.youtube.com/watch?v=3LT0nCt4WNo,served/blog/the-5-as-of-dfr-the-dna-of-a-drone-as-first-responder-program.html
youtube:3n2jbLmDRtM,youtube,video,3n2jbLmDRtM,,,,https://www.youtube.com/watch?v=3n2jbLmDRtM,served/blog/flock-forward-2025-tackled-the-toughest-problems-in-public-safety--heres-what-we-learned.html
youtube:4csZroJUSQo,youtube,video,4csZroJUSQo,,,,https://www.youtube.com/watch?v=4csZroJUSQo,served/blog/safety-is-a-fundamental-right.html
youtube:9h-CCep8M-0,youtube,video,9h-CCep8M-0,,,,https://www.youtube.com/watch?v=9h-CCep8M-0,served/ebooks/license-plate-reader-cameras-overview.html
youtube:AXQgSAQLV6U,youtube,video,AXQgSAQLV6U,,,,https://www.youtube.com/watch?v=AXQgSAQLV6U,served/blog/safe-cities-are-thriving-cities-the-interconnectedness-of-crime-safety-and-quality-of-life.html
youtube:C6rgKKelPzY,youtube,video,C6rgKKelPzY,,,,https://www.youtube.com/watch?v=C6rgKKelPzY,served/blog/5-keys-to-hiring-for-drive-and-building-in-the-gray-how-two-rtic-leaders-are-shaping-real-time-policing.html
youtube:cNAT9vCUPQQ,youtube,video,cNAT9vCUPQQ,,,,https://www.youtube.com/watch?v=cNAT9vCUPQQ,served/blog/capture-evidence-that-matters-for-solving-crime.html
youtube:czWZT0qQ5HU,youtube,video,czWZT0qQ5HU,,,,https://www.youtube.com/watch?v=czWZT0qQ5HU,served/trust.html
youtube:dpI-OwG7-ic,youtube,video,dpI-OwG7-ic,,,,https://www.youtube.com/watch?v=dpI-OwG7-ic,served/blog/the-power-of-connected-intelligence.html served/privacy-ethics-copy.html
youtube:ducu5ITaabg,youtube,video,ducu5ITaabg,,,,https://www.youtube.com/watch?v=ducu5ITaabg,served/blog/fireside-chat-josh-thomas-chief-communications-officer.html served/blog/from-congestion-to-connection-rethinking-traffic-and-parking-to-improve-daily-life.html
youtube:EEyQCDlkdJQ,youtube,video,EEyQCDlkdJQ,,,,https://www.youtube.com/watch?v=EEyQCDlkdJQ,served/blog/community-and-technology-unite-to-shape-a-safer-south-downtown-atlanta.html
youtube:eLOS20I6TPM,youtube,video,eLOS20I6TPM,,,,https://www.youtube.com/watch?v=eLOS20I6TPM,served/ebooks/license-plate-reader-cameras-overview.html
youtube:EP5egqReAGs,youtube,video,EP5egqReAGs,,,,https://www.youtube.com/watch?v=EP5egqReAGs,served/blog/trespassing-and-unauthorized-access-flock-safetys-solutions-for-businesses.html
youtube:FKUJ2Qu9bCQ,youtube,video,FKUJ2Qu9bCQ,,,,https://www.youtube.com/watch?v=FKUJ2Qu9bCQ,served/blog/10-safety-tips-for-the-holiday-season.html
youtube:Fo-4WMJSkv4,youtube,video,Fo-4WMJSkv4,,,,https://www.youtube.com/watch?v=Fo-4WMJSkv4,served/blog/oakland-naacp-endorses-flock-safety-technology.html
youtube:fSIrMwM1qFA,youtube,video,fSIrMwM1qFA,,,,https://www.youtube.com/watch?v=fSIrMwM1qFA,served/blog/flock-safety-solved-stories-recap-edition-030.html
youtube:hJaKW7ap9SQ,youtube,video,hJaKW7ap9SQ,,,,https://www.youtube.com/watch?v=hJaKW7ap9SQ,served/blog/why-are-some-flock-cameras-being-removed-by-cities.html
youtube:HPNck8eVxCo,youtube,video,HPNck8eVxCo,,,,https://www.youtube.com/watch?v=HPNck8eVxCo,served/blog/flock-safety-solved-stories-recap-edition-022.html
youtube:If_KeNn_R5k,youtube,video,If_KeNn_R5k,,,,https://www.youtube.com/watch?v=If_KeNn_R5k,served/privacy-ethics-copy.html
youtube:iPdSThUjj28,youtube,video,iPdSThUjj28,,,,https://www.youtube.com/watch?v=iPdSThUjj28,served/blog/the-power-of-connected-intelligence.html served/blog/why-vendor-competition-matters-for-your-agencys-future.html
youtube:JsefjbPNMyU,youtube,video,JsefjbPNMyU,,,,https://www.youtube.com/watch?v=JsefjbPNMyU,served/blog/safe-cities-are-thriving-cities-the-interconnectedness-of-crime-safety-and-quality-of-life.html
youtube:jTE_JgRCLzM,youtube,video,jTE_JgRCLzM,,,,https://www.youtube.com/watch?v=jTE_JgRCLzM,served/blog/flock-safety-solved-stories-recap-edition-018.html
youtube:K3PfpWgPd8c,youtube,video,K3PfpWgPd8c,,,,https://www.youtube.com/watch?v=K3PfpWgPd8c,served/blog/flock-aerodome-software-updates-fall--2025.html served/blog/flock-alpha-in-action-saving-lives-across-crime-response-fire-emergencies-and-search-rescue.html
youtube:k76qtMoPDBU,youtube,video,k76qtMoPDBU,,,,https://www.youtube.com/watch?v=k76qtMoPDBU,served/blog/hoa-board-member-neighborhood-safety.html
youtube:kyuJCcMWFwc,youtube,video,kyuJCcMWFwc,,,,https://www.youtube.com/watch?v=kyuJCcMWFwc,served/blog/solved-stories-recap-edition-023.html
youtube:L8jtr_XMO0E,youtube,video,L8jtr_XMO0E,,,,https://www.youtube.com/watch?v=L8jtr_XMO0E,served/blog/neighborhood-security-flock-safety-success.html
youtube:lyfzV3c3k4A,youtube,video,lyfzV3c3k4A,,,,https://www.youtube.com/watch?v=lyfzV3c3k4A,served/blog/flock-safety-shares-vision-for-a-safer-future-at-national-anti-human-trafficking-event.html
youtube:m2dJHKcJAV4,youtube,video,m2dJHKcJAV4,,,,https://www.youtube.com/watch?v=m2dJHKcJAV4,served/blog/what-happens-if-a-flock-camera-is-damaged.html
youtube:m55HD9ZF0xE,youtube,video,m55HD9ZF0xE,,,,https://www.youtube.com/watch?v=m55HD9ZF0xE,served/blog/the-power-of-connected-intelligence.html
youtube:MSElcwBMm-k,youtube,video,MSElcwBMm-k,,,,https://www.youtube.com/watch?v=MSElcwBMm-k,served/trust.html
youtube:n20WEU4AJ4k,youtube,video,n20WEU4AJ4k,,,,https://www.youtube.com/watch?v=n20WEU4AJ4k,served/blog/transparency-portal.html
youtube:NehP1kZ-FZQ,youtube,video,NehP1kZ-FZQ,,,,https://www.youtube.com/watch?v=NehP1kZ-FZQ,served/blog/neighborhood-security-flock-safety-success.html
youtube:NzbfxcCZW9A,youtube,video,NzbfxcCZW9A,,,,https://www.youtube.com/watch?v=NzbfxcCZW9A,served/blog/collierville-memphis-neighborhood-crime-streak.html
youtube:O0lw9LvoHWM,youtube,video,O0lw9LvoHWM,,,,https://www.youtube.com/watch?v=O0lw9LvoHWM,served/blog/safe-cities-are-thriving-cities-the-interconnectedness-of-crime-safety-and-quality-of-life.html
youtube:o4Xw8ydy3po,youtube,video,o4Xw8ydy3po,,,,https://www.youtube.com/watch?v=o4Xw8ydy3po,served/blog/flock-safety-ceo-garrett-langley-ted2026.html
youtube:OE88D2xU0GE,youtube,video,OE88D2xU0GE,,,,https://www.youtube.com/watch?v=OE88D2xU0GE,served/blog/flock-safety-solved-stories-recap-edition-030.html served/blog/how-to-implement-a-3-step-approach-to-safer-neighborhoods.html
youtube:Oqxk4G5TjIQ,youtube,video,Oqxk4G5TjIQ,,,,https://www.youtube.com/watch?v=Oqxk4G5TjIQ,served/blog/neighborhood-security-flock-safety-success.html
youtube:orK72Vq0PwA,youtube,video,orK72Vq0PwA,,,,https://www.youtube.com/watch?v=orK72Vq0PwA,served/blog/safe-cities-are-thriving-cities-the-interconnectedness-of-crime-safety-and-quality-of-life.html
youtube:QRsPSgrynNk,youtube,video,QRsPSgrynNk,,,,https://www.youtube.com/watch?v=QRsPSgrynNk,served/blog/close-the-campus-police-response-gap-with-drone-as-first-responder.html served/privacy-ethics-copy.html
youtube:RJPyZ_cES2c,youtube,video,RJPyZ_cES2c,,,,https://www.youtube.com/watch?v=RJPyZ_cES2c,served/blog/flock-safety-2022-atl-startup-awards.html
youtube:t2niT469ryk,youtube,video,t2niT469ryk,,,,https://www.youtube.com/watch?v=t2niT469ryk,served/blog/building-smarter-not-just-bigger-how-flock-safety-thinks-about-product-integrations-and-the-future-of-ai.html
youtube:TfeT83cffWA,youtube,video,TfeT83cffWA,,,,https://www.youtube.com/watch?v=TfeT83cffWA,served/blog/flock-forward-2025-tackled-the-toughest-problems-in-public-safety--heres-what-we-learned.html served/blog/the-power-of-connected-intelligence.html
youtube:TQBYOx4oT2Q,youtube,video,TQBYOx4oT2Q,,,,https://www.youtube.com/watch?v=TQBYOx4oT2Q,served/blog/safety-is-a-fundamental-right.html
youtube:tyAW6Fum5Zg,youtube,video,tyAW6Fum5Zg,,,,https://www.youtube.com/watch?v=tyAW6Fum5Zg,served/blog/flock-safety-solved-stories-recap-edition-015.html
youtube:U8swmrbofBE,youtube,video,U8swmrbofBE,,,,https://www.youtube.com/watch?v=U8swmrbofBE,served/blog/coordinated-located-safer-flock-safety-helps-law-enforcement-close-cases-nationwide.html
youtube:UULTnAcqQzw,youtube,video,UULTnAcqQzw,,,,https://www.youtube.com/watch?v=UULTnAcqQzw,served/blog/flock-solves-homicide-investigation.html
youtube:v0BiDmPloBs,youtube,video,v0BiDmPloBs,,,,https://www.youtube.com/watch?v=v0BiDmPloBs,served/blog/flock-safety-ceo-garrett-langley-ted2026.html served/ebooks/license-plate-reader-cameras-overview.html
youtube:vCMYwQFdRGA,youtube,video,vCMYwQFdRGA,,,,https://www.youtube.com/watch?v=vCMYwQFdRGA,served/blog/how-integrated-policing-platforms-crack-unsolvable-cases.html
youtube:Wk8RW5Jmj_U,youtube,video,Wk8RW5Jmj_U,,,,https://www.youtube.com/watch?v=Wk8RW5Jmj_U,served/blog/safe-cities-are-thriving-cities-the-interconnectedness-of-crime-safety-and-quality-of-life.html
youtube:WkJmt9zjVZc,youtube,video,WkJmt9zjVZc,,,,https://www.youtube.com/watch?v=WkJmt9zjVZc,served/blog/close-the-campus-police-response-gap-with-drone-as-first-responder.html
youtube:x7EGGpHD9zM,youtube,video,x7EGGpHD9zM,,,,https://www.youtube.com/watch?v=x7EGGpHD9zM,served/blog/policy-pulse-for-real-communities-public-safety-is-not-hypothetical.html
youtube:yAm1pTBRT-8,youtube,video,yAm1pTBRT-8,,,,https://www.youtube.com/watch?v=yAm1pTBRT-8,served/blog/10-safety-tips-for-the-holiday-season.html
youtube:yBQN9orr_Ho,youtube,video,yBQN9orr_Ho,,,,https://www.youtube.com/watch?v=yBQN9orr_Ho,served/trust.html
youtube:ZgDJRs_MDy8,youtube,video,ZgDJRs_MDy8,,,,https://www.youtube.com/watch?v=ZgDJRs_MDy8,served/blog/5-lessons-on-transitioning-from-law-enforcement-to-the-private-sector.html
youtube:ZN9lxPmUzUo,youtube,video,ZN9lxPmUzUo,,,,https://www.youtube.com/watch?v=ZN9lxPmUzUo,served/solvedstories-public-sector.html
